date,time,target,temp,temp_pred,weather_pred,weather_fact
2023-07-02,0,370.32500,15.80000,18.00000,облачно,"дождь, ветер"
2023-07-02,1,338.15900,15.80000,18.00000,облачно,"дождь, ветер"
2023-07-02,2,316.26100,15.80000,18.00000,облачно,"дождь, ветер"
2023-07-02,3,303.78000,15.70000,17.00000,пер.обл.,"дождь, ветер"
2023-07-02,4,289.20000,15.70000,17.00000,пер.обл.,"дождь, ветер"
2023-07-02,5,277.91000,15.70000,17.00000,пер.обл.,"дождь, ветер"
2023-07-02,6,282.01900,16.30000,18.00000,облачно,"дождь, ветер"
2023-07-02,7,297.55800,16.30000,18.00000,облачно,"дождь, ветер"
2023-07-02,8,321.97300,16.30000,18.00000,облачно,"дождь, ветер"
2023-07-02,9,360.92400,17.40000,17.00000,"обл., дождь 2,7 мм","пасм, ветер"
2023-07-02,10,397.90100,17.40000,17.00000,"обл., дождь 2,7 мм","пасм, ветер"
2023-07-02,11,426.30600,17.40000,17.00000,"обл., дождь 2,7 мм","пасм, ветер"
2023-07-02,12,436.42500,18.40000,18.00000,"пер.обл., дождь3,7 мм","пасм, ветер"
2023-07-02,13,434.73900,18.40000,18.00000,"пер.обл., дождь3,7 мм","пасм, ветер"
2023-07-02,14,430.65400,18.40000,18.00000,"пер.обл., дождь3,7 мм","пасм, ветер"
2023-07-02,15,423.48200,20.00000,19.00000,ясно,"пасм, ветер"
2023-07-02,16,417.47200,20.00000,19.00000,ясно,"пасм, ветер"
2023-07-02,17,413.85200,20.00000,19.00000,ясно,"пасм, ветер"
2023-07-02,18,414.98800,17.80000,20.00000,ясно,"пасм, ветер"
2023-07-02,19,415.42700,17.80000,20.00000,ясно,"пасм, ветер"
2023-07-02,20,411.90000,17.80000,20.00000,ясно,"пасм, ветер"
2023-07-02,21,407.55700,16.10000,18.00000,ясно,"пасм, ветер"
2023-07-02,22,411.49400,16.10000,18.00000,ясно,"пасм, ветер"
2023-07-02,23,397.82300,16.10000,18.00000,ясно,"пасм, ветер"
2023-07-03,0,362.07400,13.00000,17.00000,ясно,пасм ветер
2023-07-03,1,327.76600,13.00000,17.00000,ясно,пасм ветер
2023-07-03,2,305.00900,13.00000,17.00000,ясно,пасм ветер
2023-07-03,3,294.11700,12.40000,16.00000,ясно,облачно
2023-07-03,4,281.09600,12.40000,16.00000,ясно,облачно
2023-07-03,5,272.48300,12.40000,16.00000,ясно,облачно
2023-07-03,6,286.14100,16.80000,18.00000,ясно,"малообл, ветер"
2023-07-03,7,321.05600,16.80000,18.00000,ясно,"малообл, ветер"
2023-07-03,8,363.40200,16.80000,18.00000,ясно,"малообл, ветер"
2023-07-03,9,409.37700,19.60000,20.00000,ясно,"малообл, ветер"
2023-07-03,10,433.38900,19.60000,20.00000,ясно,"малообл, ветер"
2023-07-03,11,447.78000,19.60000,20.00000,ясно,"малообл, ветер"
2023-07-03,12,451.14800,20.60000,23.00000,малообл.,"пасм, ветер"
2023-07-03,13,447.07900,20.60000,23.00000,малообл.,"пасм, ветер"
2023-07-03,14,446.10300,20.60000,23.00000,малообл.,"пасм, ветер"
2023-07-03,15,445.23700,20.80000,22.00000,пер.обл.,"пасм, ветер"
2023-07-03,16,451.94500,20.80000,22.00000,пер.обл.,"пасм, ветер"
2023-07-03,17,446.13000,20.80000,22.00000,пер.обл.,"пасм, ветер"
2023-07-03,18,437.12800,18.70000,22.00000,ясно,п/обл
2023-07-03,19,434.18400,18.70000,22.00000,ясно,п/обл
2023-07-03,20,423.90700,18.70000,22.00000,ясно,п/обл
2023-07-03,21,420.04900,12.00000,19.00000,ясно,п/обл
2023-07-03,22,426.93400,12.00000,19.00000,ясно,п/обл
2023-07-03,23,413.28300,12.00000,19.00000,ясно,п/обл
2023-07-04,0,373.82300,11.40000,17.00000,ясно,дымка
2023-07-04,1,337.39800,11.40000,17.00000,ясно,дымка
2023-07-04,2,312.36600,11.40000,17.00000,ясно,дымка
2023-07-04,3,300.63300,10.90000,16.00000,малообл.,дымка
2023-07-04,4,290.27300,10.90000,16.00000,малообл.,дымка
2023-07-04,5,277.49200,10.90000,16.00000,малообл.,дымка
2023-07-04,6,289.58700,17.50000,18.00000,пер.обл.,"облачно, ветер"
2023-07-04,7,324.28800,17.50000,18.00000,пер.обл.,"облачно, ветер"
2023-07-04,8,367.87300,17.50000,18.00000,пер.обл.,"облачно, ветер"
2023-07-04,9,414.67400,20.50000,21.00000,ясно,"облачно, ветер"
2023-07-04,10,439.41200,20.50000,21.00000,ясно,"облачно, ветер"
2023-07-04,11,450.33600,20.50000,21.00000,ясно,"облачно, ветер"
2023-07-04,12,453.71400,20.20000,23.00000,пер.обл.,местами дождь
2023-07-04,13,452.34500,20.20000,23.00000,пер.обл.,местами дождь
2023-07-04,14,453.49400,20.20000,23.00000,пер.обл.,местами дождь
2023-07-04,15,450.08300,18.90000,21.00000,пер.обл.,"пасм, ветер"
2023-07-04,16,455.58800,18.90000,21.00000,пер.обл.,"пасм, ветер"
2023-07-04,17,445.73800,18.90000,21.00000,пер.обл.,"пасм, ветер"
2023-07-04,18,435.87200,17.10000,20.00000,ясно,пасмурно
2023-07-04,19,434.80700,17.10000,20.00000,ясно,пасмурно
2023-07-04,20,426.26600,17.10000,20.00000,ясно,пасмурно
2023-07-04,21,423.49100,12.20000,18.00000,ясно,с 21ч дождь
2023-07-04,22,435.86800,12.20000,18.00000,ясно,с 21ч дождь
2023-07-04,23,413.49900,12.20000,18.00000,ясно,с 21ч дождь
2023-07-05,0,373.94200,10.60000,15.00000,ясно,дымка
2023-07-05,1,334.70200,10.60000,15.00000,ясно,дымка
2023-07-05,2,312.65100,10.60000,15.00000,ясно,дымка
2023-07-05,3,300.18100,9.50000,14.00000,ясно,местами туман
2023-07-05,4,287.14600,9.50000,14.00000,ясно,местами туман
2023-07-05,5,276.98300,9.50000,14.00000,ясно,местами туман
2023-07-05,6,289.30800,16.10000,18.00000,п/обл,дымка
2023-07-05,7,325.32700,16.10000,18.00000,п/обл,дымка
2023-07-05,8,370.01500,16.10000,18.00000,п/обл,дымка
2023-07-05,9,418.89400,20.60000,20.00000,пасмурно,ясно
2023-07-05,10,445.41000,20.60000,20.00000,пасмурно,ясно
2023-07-05,11,459.42200,20.60000,20.00000,пасмурно,ясно
2023-07-05,12,461.12500,23.60000,21.00000,"пасм, дождь, 11%",ясно
2023-07-05,13,460.11000,23.60000,21.00000,"пасм, дождь, 11%",ясно
2023-07-05,14,460.17900,23.60000,21.00000,"пасм, дождь, 11%",ясно
2023-07-05,15,460.06800,25.10000,22.00000,"пасм, дождь, 51%",ясно
2023-07-05,16,465.56800,25.10000,22.00000,"пасм, дождь, 51%",ясно
2023-07-05,17,461.36700,25.10000,22.00000,"пасм, дождь, 51%",ясно
2023-07-05,18,452.40800,22.50000,22.00000,"пасм, дождь, 75%",облачно
2023-07-05,19,445.99500,22.50000,22.00000,"пасм, дождь, 75%",облачно
2023-07-05,20,435.68000,22.50000,22.00000,"пасм, дождь, 75%",облачно
2023-07-05,21,432.02100,17.80000,19.00000,"пасм, дождь, 81%",с 22ч дождь
2023-07-05,22,444.33200,17.80000,19.00000,"пасм, дождь, 81%",с 22ч дождь
2023-07-05,23,427.49000,17.80000,19.00000,"пасм, дождь, 81%",с 22ч дождь
2023-07-06,0,388.81800,16.90000,18.00000,"пасм, 80% дождь",дождь
2023-07-06,1,345.60600,16.90000,18.00000,"пасм, 80% дождь",дождь
2023-07-06,2,321.79700,16.90000,18.00000,"пасм, 80% дождь",дождь
2023-07-06,3,309.85700,16.30000,16.00000,"пасм, 65% дождь",пасмурно
2023-07-06,4,300.33100,16.30000,16.00000,"пасм, 65% дождь",пасмурно
2023-07-06,5,287.98400,16.30000,16.00000,"пасм, 65% дождь",пасмурно
2023-07-06,6,297.64100,18.20000,18.00000,"пасм, 10% дождь",дымка
2023-07-06,7,330.03900,18.20000,18.00000,"пасм, 10% дождь",дымка
2023-07-06,8,375.00200,18.20000,18.00000,"пасм, 10% дождь",дымка
2023-07-06,9,423.15700,21.00000,19.00000,ясно,ясно
2023-07-06,10,451.92100,21.00000,19.00000,ясно,ясно
2023-07-06,11,467.70000,21.00000,19.00000,ясно,ясно
2023-07-06,12,468.80400,20.10000,22.00000,ясно,ясно
2023-07-06,13,463.00500,20.10000,22.00000,ясно,ясно
2023-07-06,14,462.72200,20.10000,22.00000,ясно,ясно
2023-07-06,15,460.23000,21.60000,22.00000,ясно,ясно
2023-07-06,16,457.23800,21.60000,22.00000,ясно,ясно
2023-07-06,17,455.45100,21.60000,22.00000,ясно,ясно
2023-07-06,18,445.75400,17.60000,19.00000,ясно,ясно
2023-07-06,19,440.16900,17.60000,19.00000,ясно,ясно
2023-07-06,20,423.98400,17.60000,19.00000,ясно,ясно
2023-07-06,21,422.37300,12.20000,17.00000,ясно,дымка
2023-07-06,22,430.99900,12.20000,17.00000,ясно,дымка
2023-07-06,23,432.38000,12.20000,17.00000,ясно,дымка
2023-07-07,0,375.17300,11.20000,15.00000,ясно,дымка
2023-07-07,1,336.56800,11.20000,15.00000,ясно,дымка
2023-07-07,2,314.47000,11.20000,15.00000,ясно,дымка
2023-07-07,3,302.87600,12.50000,14.00000,ясно,дымка
2023-07-07,4,293.04200,12.50000,14.00000,ясно,дымка
2023-07-07,5,278.87700,12.50000,14.00000,ясно,дымка
2023-07-07,6,291.05900,18.70000,18.00000,ясно,ясно
2023-07-07,7,329.39400,18.70000,18.00000,ясно,ясно
2023-07-07,8,373.87100,18.70000,18.00000,ясно,ясно
2023-07-07,9,422.22600,20.00000,20.00000,ясно,ясно
2023-07-07,10,448.20800,20.00000,20.00000,ясно,ясно
2023-07-07,11,462.95000,20.00000,20.00000,ясно,ясно
2023-07-07,12,462.26500,22.00000,21.00000,ясно,"ясно, ветерок"
2023-07-07,13,458.23300,22.00000,21.00000,ясно,"ясно, ветерок"
2023-07-07,14,460.06600,22.00000,21.00000,ясно,"ясно, ветерок"
2023-07-07,15,457.80900,22.60000,21.00000,ясно,"ясно, ветерок"
2023-07-07,16,463.50900,22.60000,21.00000,ясно,"ясно, ветерок"
2023-07-07,17,455.91900,22.60000,21.00000,ясно,"ясно, ветерок"
2023-07-07,18,450.79600,19.30000,19.00000,ясно,"ясно, ветерок"
2023-07-07,19,442.18400,19.30000,19.00000,ясно,"ясно, ветерок"
2023-07-07,20,432.03400,19.30000,19.00000,ясно,"ясно, ветерок"
2023-07-07,21,425.17600,12.40000,16.00000,ясно,"ясно, ветерок"
2023-07-07,22,429.93700,12.40000,16.00000,ясно,"ясно, ветерок"
2023-07-07,23,419.75300,12.40000,16.00000,ясно,"ясно, ветерок"
2023-07-08,0,382.40500,10.30000,14.00000,п/обл,дымка
2023-07-08,1,344.18800,10.30000,14.00000,п/обл,дымка
2023-07-08,2,319.29600,10.30000,14.00000,п/обл,дымка
2023-07-08,3,304.12100,10.60000,14.00000,ясно,дымка
2023-07-08,4,291.37400,10.60000,14.00000,ясно,дымка
2023-07-08,5,279.36800,10.60000,14.00000,ясно,дымка
2023-07-08,6,285.16900,18.40000,18.00000,ясно,п/обл
2023-07-08,7,307.24800,18.40000,18.00000,ясно,п/обл
2023-07-08,8,340.35300,18.40000,18.00000,ясно,п/обл
2023-07-08,9,390.82700,22.40000,20.00000,ясно,"п/обл, хол.ветерок"
2023-07-08,10,425.11400,22.40000,20.00000,ясно,"п/обл, хол.ветерок"
2023-07-08,11,440.15400,22.40000,20.00000,ясно,"п/обл, хол.ветерок"
2023-07-08,12,441.41100,23.20000,21.00000,ясно,"п/обл, хол.ветерок"
2023-07-08,13,437.51800,23.20000,21.00000,ясно,"п/обл, хол.ветерок"
2023-07-08,14,436.24200,23.20000,21.00000,ясно,"п/обл, хол.ветерок"
2023-07-08,15,434.50400,21.70000,21.00000,ясно,"п/обл, хол.ветерок"
2023-07-08,16,429.50400,21.70000,21.00000,ясно,"п/обл, хол.ветерок"
2023-07-08,17,426.49700,21.70000,21.00000,ясно,"п/обл, хол.ветерок"
2023-07-08,18,425.89500,18.70000,19.00000,ясно,"п/обл, хол.ветерок"
2023-07-08,19,421.83900,18.70000,19.00000,ясно,"п/обл, хол.ветерок"
2023-07-08,20,412.62100,18.70000,19.00000,ясно,"п/обл, хол.ветерок"
2023-07-08,21,406.57300,13.30000,17.00000,ясно,дымка
2023-07-08,22,413.99300,13.30000,17.00000,ясно,дымка
2023-07-08,23,407.14200,13.30000,17.00000,ясно,дымка
2023-07-09,0,373.29800,11.00000,14.00000,ясно,туман
2023-07-09,1,344.37500,11.00000,14.00000,ясно,туман
2023-07-09,2,320.55400,11.00000,14.00000,ясно,туман
2023-07-09,3,306.62800,10.90000,14.00000,ясно,туман
2023-07-09,4,295.36000,10.90000,14.00000,ясно,туман
2023-07-09,5,281.46100,10.90000,14.00000,ясно,туман
2023-07-09,6,284.50300,19.60000,18.00000,ясно,дымка
2023-07-09,7,301.55300,19.60000,18.00000,ясно,дымка
2023-07-09,8,330.81200,19.60000,18.00000,ясно,дымка
2023-07-09,9,373.36300,22.50000,21.00000,ясно,ясно
2023-07-09,10,409.46900,22.50000,21.00000,ясно,ясно
2023-07-09,11,430.54400,22.50000,21.00000,ясно,ясно
2023-07-09,12,435.18100,24.60000,23.00000,ясно,ясно
2023-07-09,13,432.65300,24.60000,23.00000,ясно,ясно
2023-07-09,14,431.91300,24.60000,23.00000,ясно,ясно
2023-07-09,15,431.28200,24.30000,23.00000,ясно,ясно
2023-07-09,16,428.55900,24.30000,23.00000,ясно,ясно
2023-07-09,17,428.33100,24.30000,23.00000,ясно,ясно
2023-07-09,18,426.25800,21.00000,21.00000,ясно,ясно
2023-07-09,19,423.34400,21.00000,21.00000,ясно,ясно
2023-07-09,20,419.37100,21.00000,21.00000,ясно,ясно
2023-07-09,21,417.12200,14.90000,18.00000,ясно,ясно
2023-07-09,22,425.24100,14.90000,18.00000,ясно,ясно
2023-07-09,23,414.16400,14.90000,18.00000,ясно,ясно
2023-07-10,0,376.33800,13.40000,15.00000,п/обл,туман
2023-07-10,1,339.86600,13.40000,15.00000,п/обл,туман
2023-07-10,2,316.89000,13.40000,15.00000,п/обл,туман
2023-07-10,3,304.29600,12.70000,14.00000,ясно,дымка
2023-07-10,4,291.26700,12.70000,14.00000,ясно,дымка
2023-07-10,5,280.40300,12.70000,14.00000,ясно,дымка
2023-07-10,6,290.88400,18.20000,17.00000,ясно,дымка
2023-07-10,7,325.91500,18.20000,17.00000,ясно,дымка
2023-07-10,8,371.58500,18.20000,17.00000,ясно,дымка
2023-07-10,9,421.93600,21.20000,21.00000,ясно,ясно
2023-07-10,10,451.22400,21.20000,21.00000,ясно,ясно
2023-07-10,11,466.30300,21.20000,21.00000,ясно,ясно
2023-07-10,12,469.03600,23.10000,24.00000,п/обл,ясно
2023-07-10,13,466.50700,23.10000,24.00000,п/обл,ясно
2023-07-10,14,466.47300,23.10000,24.00000,п/обл,ясно
2023-07-10,15,465.88500,20.90000,23.00000,пасмурно,ясно
2023-07-10,16,472.20600,20.90000,23.00000,пасмурно,ясно
2023-07-10,17,462.41100,20.90000,23.00000,пасмурно,ясно
2023-07-10,18,452.05800,18.10000,21.00000,пасмурно,п/обл
2023-07-10,19,446.43000,18.10000,21.00000,пасмурно,п/обл
2023-07-10,20,437.15300,18.10000,21.00000,пасмурно,п/обл
2023-07-10,21,432.52900,13.80000,19.00000,пасмурно,п/обл
2023-07-10,22,437.59700,13.80000,19.00000,пасмурно,п/обл
2023-07-10,23,420.91400,13.80000,19.00000,пасмурно,п/обл
2023-07-11,0,381.71400,14.00000,17.00000,"пасм, 75% дождь",дымка
2023-07-11,1,342.14600,14.00000,17.00000,"пасм, 75% дождь",дымка
2023-07-11,2,317.77600,14.00000,17.00000,"пасм, 75% дождь",дымка
2023-07-11,3,306.30300,13.60000,16.00000,"пасм, 61% дождь",дымка
2023-07-11,4,295.35200,13.60000,16.00000,"пасм, 61% дождь",дымка
2023-07-11,5,284.50600,13.60000,16.00000,"пасм, 61% дождь",дымка
2023-07-11,6,293.51700,17.10000,17.00000,"пасм, 58% дождь",ясно
2023-07-11,7,328.36900,17.10000,17.00000,"пасм, 58% дождь",ясно
2023-07-11,8,372.12100,17.10000,17.00000,"пасм, 58% дождь",ясно
2023-07-11,9,423.71200,22.30000,19.00000,п/обл,облачно
2023-07-11,10,454.76400,22.30000,19.00000,п/обл,облачно
2023-07-11,11,468.65800,22.30000,19.00000,п/обл,облачно
2023-07-11,12,470.33000,21.50000,21.00000,п/обл,"пасм, кр.дождь"
2023-07-11,13,467.37200,21.50000,21.00000,п/обл,"пасм, кр.дождь"
2023-07-11,14,468.06500,21.50000,21.00000,п/обл,"пасм, кр.дождь"
2023-07-11,15,466.84100,23.90000,21.00000,п/обл,облачно
2023-07-11,16,474.38800,23.90000,21.00000,п/обл,облачно
2023-07-11,17,467.40400,23.90000,21.00000,п/обл,облачно
2023-07-11,18,458.80000,21.10000,20.00000,ясно,облачно
2023-07-11,19,452.32000,21.10000,20.00000,ясно,облачно
2023-07-11,20,441.94000,21.10000,20.00000,ясно,облачно
2023-07-11,21,434.22500,14.60000,17.00000,ясно,дымка
2023-07-11,22,440.99400,14.60000,17.00000,ясно,дымка
2023-07-11,23,425.61300,14.60000,17.00000,ясно,дымка
2023-07-12,0,387.68200,11.90000,14.00000,п/обл,туман
2023-07-12,1,346.82000,11.90000,14.00000,п/обл,туман
2023-07-12,2,319.62700,11.90000,14.00000,п/обл,туман
2023-07-12,3,307.83900,10.50000,13.00000,п/обл,ясно
2023-07-12,4,298.13900,10.50000,13.00000,п/обл,ясно
2023-07-12,5,285.35200,10.50000,13.00000,п/обл,ясно
2023-07-12,6,295.61100,19.90000,19.00000,ясно,ясно
2023-07-12,7,331.85100,19.90000,19.00000,ясно,ясно
2023-07-12,8,376.30000,19.90000,19.00000,ясно,ясно
2023-07-12,9,431.72200,25.60000,24.00000,"обл, 54%",ясно
2023-07-12,10,461.36400,25.60000,24.00000,"обл, 54%",ясно
2023-07-12,11,477.55300,25.60000,24.00000,"обл, 54%",ясно
2023-07-12,12,482.22600,28.10000,25.00000,"обл, 82%",ясно
2023-07-12,13,480.07300,28.10000,25.00000,"обл, 82%",ясно
2023-07-12,14,482.58800,28.10000,25.00000,"обл, 82%",ясно
2023-07-12,15,481.45400,25.10000,20.00000,"обл, 78% дождь",облачно
2023-07-12,16,482.85000,25.10000,20.00000,"обл, 78% дождь",облачно
2023-07-12,17,474.78100,25.10000,20.00000,"обл, 78% дождь",ливн.дождь
2023-07-12,18,472.15000,19.30000,21.00000,"ясно, 62%",ливн.дождь
2023-07-12,19,460.28800,19.30000,21.00000,"ясно, 62%",ливн.дождь
2023-07-12,20,449.85200,19.30000,21.00000,"ясно, 62%",ливн.дождь
2023-07-12,21,442.84300,17.40000,18.00000,ясно,пасмурно
2023-07-12,22,443.51100,17.40000,18.00000,ясно,пасмурно
2023-07-12,23,422.57000,17.40000,18.00000,ясно,пасмурно
2023-07-13,0,383.67700,15.10000,17.00000,ясно,дымка
2023-07-13,1,345.23200,15.10000,17.00000,ясно,дымка
2023-07-13,2,321.88200,15.10000,17.00000,ясно,дымка
2023-07-13,3,310.08200,14.30000,17.00000,ясно,дымка
2023-07-13,4,299.09500,14.30000,17.00000,ясно,дымка
2023-07-13,5,288.35300,14.30000,17.00000,ясно,дымка
2023-07-13,6,299.25000,19.90000,19.00000,п/обл,"ясно, ветерок"
2023-07-13,7,333.10800,19.90000,19.00000,п/обл,"ясно, ветерок"
2023-07-13,8,377.98600,19.90000,19.00000,п/обл,"ясно, ветерок"
2023-07-13,9,429.64900,22.80000,20.00000,ясно,"ясно, ветерок"
2023-07-13,10,458.98200,22.80000,20.00000,ясно,"ясно, ветерок"
2023-07-13,11,473.70500,22.80000,20.00000,ясно,"ясно, ветерок"
2023-07-13,12,473.43800,23.80000,22.00000,ясно,"п/обл, ветерок"
2023-07-13,13,472.01100,23.80000,22.00000,ясно,"п/обл, ветерок"
2023-07-13,14,475.03500,23.80000,22.00000,ясно,"п/обл, ветерок"
2023-07-13,15,472.28600,23.30000,23.00000,ясно,"п/обл, ветерок"
2023-07-13,16,474.99900,23.30000,23.00000,ясно,"п/обл, ветерок"
2023-07-13,17,466.01800,23.30000,23.00000,ясно,"п/обл, ветерок"
2023-07-13,18,455.53200,20.00000,21.00000,ясно,"п/обл, ветерок"
2023-07-13,19,451.92300,20.00000,21.00000,ясно,"п/обл, ветерок"
2023-07-13,20,440.10400,20.00000,21.00000,ясно,"п/обл, ветерок"
2023-07-13,21,433.87400,13.20000,18.00000,п/обл,"п/обл, ветерок"
2023-07-13,22,441.16700,13.20000,18.00000,п/обл,"п/обл, ветерок"
2023-07-13,23,425.64600,13.20000,18.00000,п/обл,"п/обл, ветерок"
2023-07-14,0,385.80900,12.40000,16.00000,п/обл,дымка
2023-07-14,1,345.09000,12.40000,16.00000,п/обл,дымка
2023-07-14,2,322.28400,12.40000,16.00000,п/обл,дымка
2023-07-14,3,309.18300,13.50000,16.00000,"ясно, 51%",неб.дождь
2023-07-14,4,301.49500,13.50000,16.00000,"ясно, 51%",неб.дождь
2023-07-14,5,289.95000,13.50000,16.00000,"ясно, 51%",неб.дождь
2023-07-14,6,296.89900,18.70000,18.00000,п/обл,обл с пр
2023-07-14,7,332.09900,18.70000,18.00000,п/обл,обл с пр
2023-07-14,8,376.25900,18.70000,18.00000,п/обл,обл с пр
2023-07-14,9,426.44000,21.50000,19.00000,"ясно, 44%",п/обл
2023-07-14,10,453.71700,21.50000,19.00000,"ясно, 44%",п/обл
2023-07-14,11,468.44400,21.50000,19.00000,"ясно, 44%",п/обл
2023-07-14,12,470.21900,21.90000,21.00000,ясно,п/обл
2023-07-14,13,466.94800,21.90000,21.00000,ясно,п/обл
2023-07-14,14,466.83800,21.90000,21.00000,ясно,п/обл
2023-07-14,15,460.66600,22.10000,21.00000,ясно,п/обл
2023-07-14,16,463.46400,22.10000,21.00000,ясно,п/обл
2023-07-14,17,455.57100,22.10000,21.00000,ясно,п/обл
2023-07-14,18,445.42700,19.30000,20.00000,ясно,п/обл
2023-07-14,19,440.60600,19.30000,20.00000,ясно,п/обл
2023-07-14,20,428.43700,19.30000,20.00000,ясно,п/обл
2023-07-14,21,421.27300,12.60000,17.00000,ясно,дымка
2023-07-14,22,430.30000,12.60000,17.00000,ясно,дымка
2023-07-14,23,418.26500,12.60000,17.00000,ясно,дымка
2023-07-15,0,381.26900,10.60000,15.00000,п/обл,туман
2023-07-15,1,348.37300,10.60000,15.00000,п/обл,туман
2023-07-15,2,324.03300,10.60000,15.00000,п/обл,туман
2023-07-15,3,313.60800,8.90000,14.00000,ясно,туман
2023-07-15,4,301.75100,8.90000,14.00000,ясно,туман
2023-07-15,5,285.40100,8.90000,14.00000,ясно,туман
2023-07-15,6,288.09500,18.40000,18.00000,обл с пр,п/обл
2023-07-15,7,309.85000,18.40000,18.00000,обл с пр,п/обл
2023-07-15,8,346.60500,18.40000,18.00000,обл с пр,п/обл
2023-07-15,9,396.99600,23.40000,23.00000,обл с пр,"п/обл, ветерок"
2023-07-15,10,431.04000,23.40000,23.00000,обл с пр,"п/обл, ветерок"
2023-07-15,11,448.40300,23.40000,23.00000,обл с пр,"п/обл, ветерок"
2023-07-15,12,450.88600,27.10000,26.00000,обл с пр,"п/обл, ветерок"
2023-07-15,13,447.94800,27.10000,26.00000,обл с пр,"п/обл, ветерок"
2023-07-15,14,447.95200,27.10000,26.00000,обл с пр,"п/обл, ветерок"
2023-07-15,15,445.14800,28.40000,28.00000,ясно,"п/обл, ветерок"
2023-07-15,16,442.42200,28.40000,28.00000,ясно,"п/обл, ветерок"
2023-07-15,17,438.21800,28.40000,28.00000,ясно,"п/обл, ветерок"
2023-07-15,18,436.00000,24.80000,26.00000,ясно,"п/обл, ветерок"
2023-07-15,19,431.57500,24.80000,26.00000,ясно,"п/обл, ветерок"
2023-07-15,20,422.50700,24.80000,26.00000,ясно,"п/обл, ветерок"
2023-07-15,21,414.84100,19.20000,23.00000,ясно,"п/обл, ветерок"
2023-07-15,22,422.14100,19.20000,23.00000,ясно,"п/обл, ветерок"
2023-07-15,23,409.54600,19.20000,23.00000,ясно,"п/обл, ветерок"
2023-07-16,0,375.82500,17.40000,20.00000,облачно,ясно
2023-07-16,1,342.44500,17.40000,20.00000,облачно,ясно
2023-07-16,2,316.24500,17.40000,20.00000,облачно,ясно
2023-07-16,3,301.65400,15.90000,19.00000,ясно,ясно
2023-07-16,4,290.79200,15.90000,19.00000,ясно,ясно
2023-07-16,5,277.07500,15.90000,19.00000,ясно,ясно
2023-07-16,6,282.00200,24.30000,22.00000,обл с пр,"ясно, душно"
2023-07-16,7,301.37100,24.30000,22.00000,обл с пр,"ясно, душно"
2023-07-16,8,334.92700,24.30000,22.00000,обл с пр,"ясно, душно"
2023-07-16,9,384.41600,31.70000,28.00000,"ясно, 61%","ясно, душно"
2023-07-16,10,422.94200,31.70000,28.00000,"ясно, 61%","ясно, душно"
2023-07-16,11,449.13700,31.70000,28.00000,"ясно, 61%","ясно, душно"
2023-07-16,12,457.65600,27.30000,26.00000,"пасм, 80%","пасм, кр.дождь"
2023-07-16,13,453.69500,27.30000,26.00000,"пасм, 80%","пасм, кр.дождь"
2023-07-16,14,448.77500,27.30000,26.00000,"пасм, 80%","пасм, кр.дождь"
2023-07-16,15,445.74900,20.90000,25.00000,"обл с пр, 54%","пасм, кр.дождь"
2023-07-16,16,442.20200,20.90000,25.00000,"обл с пр, 54%","пасм, кр.дождь"
2023-07-16,17,438.06500,20.90000,25.00000,"обл с пр, 54%","пасм, кр.дождь"
2023-07-16,18,439.98100,21.00000,24.00000,"ясно, 51%","пасм, кр.дождь"
2023-07-16,19,437.54200,21.00000,24.00000,"ясно, 51%","пасм, кр.дождь"
2023-07-16,20,431.45400,21.00000,24.00000,"ясно, 51%","пасм, кр.дождь"
2023-07-16,21,431.04400,18.00000,21.00000,"п/обл, 24%",дымка
2023-07-16,22,440.12400,18.00000,21.00000,"п/обл, 24%",дымка
2023-07-16,23,416.62400,18.00000,21.00000,"п/обл, 24%",дымка
2023-07-17,0,376.11100,15.60000,19.00000,ясно,"пасм, дождь"
2023-07-17,1,341.41800,15.60000,19.00000,ясно,"пасм, дождь"
2023-07-17,2,317.23500,15.60000,19.00000,ясно,"пасм, дождь"
2023-07-17,3,308.15300,14.10000,19.00000,обл с пр,"пасм, дождь"
2023-07-17,4,297.88900,14.10000,19.00000,обл с пр,"пасм, дождь"
2023-07-17,5,286.21800,14.10000,19.00000,обл с пр,"пасм, дождь"
2023-07-17,6,297.67700,20.60000,21.00000,ясно,пасмурно
2023-07-17,7,331.27000,20.60000,21.00000,ясно,пасмурно
2023-07-17,8,373.80900,20.60000,21.00000,ясно,пасмурно
2023-07-17,9,428.58800,26.40000,24.00000,"пасм, 58%",п/обл
2023-07-17,10,460.82000,26.40000,24.00000,"пасм, 58%",п/обл
2023-07-17,11,481.06700,26.40000,24.00000,"пасм, 58%",п/обл
2023-07-17,12,485.77700,25.50000,26.00000,обл с пр,п/обл
2023-07-17,13,484.14400,25.50000,26.00000,обл с пр,п/обл
2023-07-17,14,481.90700,25.50000,26.00000,обл с пр,п/обл
2023-07-17,15,481.93200,25.70000,20.00000,"обл, 9% дождь",п/обл
2023-07-17,16,486.61600,25.70000,20.00000,"обл, 9% дождь",п/обл
2023-07-17,17,478.75500,25.70000,20.00000,"обл, 9% дождь",п/обл
2023-07-17,18,469.48500,19.20000,20.00000,ясно 24%,п/обл
2023-07-17,19,460.58200,19.20000,20.00000,ясно 24%,п/обл
2023-07-17,20,445.56400,19.20000,20.00000,ясно 24%,п/обл
2023-07-17,21,441.12800,16.90000,18.00000,"ясно, 18%",п/обл
2023-07-17,22,446.92800,16.90000,18.00000,"ясно, 18%",п/обл
2023-07-17,23,423.02600,16.90000,18.00000,"ясно, 18%",п/обл
2023-07-18,0,380.43000,15.60000,18.00000,"п/обл, 61%",дождь
2023-07-18,1,341.47300,15.60000,18.00000,"п/обл, 61%",дождь
2023-07-18,2,319.06800,15.60000,18.00000,"п/обл, 61%",дождь
2023-07-18,3,307.00100,15.30000,16.00000,"ясно, 73%","дождь, ветер"
2023-07-18,4,299.94700,15.30000,16.00000,"ясно, 73%","дождь, ветер"
2023-07-18,5,286.60500,15.30000,16.00000,"ясно, 73%","дождь, ветер"
2023-07-18,6,293.90400,16.30000,19.00000,"ясно, 54%","обл с пр, дождь, ветер"
2023-07-18,7,321.52500,16.30000,19.00000,"ясно, 54%","обл с пр, дождь, ветер"
2023-07-18,8,365.73300,16.30000,19.00000,"ясно, 54%","обл с пр, дождь, ветер"
2023-07-18,9,413.19600,20.00000,21.00000,ясно,"обл с пр, вр.кр. дождь"
2023-07-18,10,441.38000,20.00000,21.00000,ясно,"обл с пр, вр.кр. дождь"
2023-07-18,11,457.98700,20.00000,21.00000,ясно,"обл с пр, вр.кр. дождь"
2023-07-18,12,459.62800,21.10000,22.00000,ясно,"п/обл, ветер"
2023-07-18,13,456.86800,21.10000,22.00000,ясно,"п/обл, ветер"
2023-07-18,14,457.95600,21.10000,22.00000,ясно,"п/обл, ветер"
2023-07-18,15,454.14100,20.10000,21.00000,ясно,"п/обл, ветер"
2023-07-18,16,461.84500,20.10000,21.00000,ясно,"п/обл, ветер"
2023-07-18,17,454.48700,20.10000,21.00000,ясно,"п/обл, ветер"
2023-07-18,18,444.33100,18.10000,20.00000,ясно,"п/обл, ветер"
2023-07-18,19,440.25100,18.10000,20.00000,ясно,"п/обл, ветер"
2023-07-18,20,429.96000,18.10000,20.00000,ясно,"п/обл, ветер"
2023-07-18,21,425.65800,13.70000,17.00000,ясно,п/обл
2023-07-18,22,435.72500,13.70000,17.00000,ясно,п/обл
2023-07-18,23,416.71500,13.70000,17.00000,ясно,п/обл
2023-07-19,0,378.23100,10.40000,16.00000,обл с пр,пасмурно
2023-07-19,1,339.00700,10.40000,16.00000,обл с пр,пасмурно
2023-07-19,2,316.35000,10.40000,16.00000,обл с пр,пасмурно
2023-07-19,3,304.70600,9.40000,15.00000,обл с пр,облачно
2023-07-19,4,297.13200,9.40000,15.00000,обл с пр,облачно
2023-07-19,5,283.54900,9.40000,15.00000,обл с пр,облачно
2023-07-19,6,294.30000,16.60000,18.00000,обл с пр,облачно
2023-07-19,7,326.55800,16.60000,18.00000,обл с пр,облачно
2023-07-19,8,367.57700,16.60000,18.00000,обл с пр,облачно
2023-07-19,9,418.08000,18.80000,18.00000,"пасм, 24% дождь",облачно
2023-07-19,10,445.38400,18.80000,18.00000,"пасм, 24% дождь",облачно
2023-07-19,11,459.24100,18.80000,18.00000,"пасм, 24% дождь",облачно
2023-07-19,12,462.23500,14.60000,18.00000,"пасм, 35%","пасм, дождь"
2023-07-19,13,459.64400,14.60000,18.00000,"пасм, 35%","пасм, дождь"
2023-07-19,14,460.33100,14.60000,18.00000,"пасм, 35%","пасм, дождь"
2023-07-19,15,460.16700,14.70000,18.00000,"пасм, 65% дождь","пасм, дождь"
2023-07-19,16,468.89100,14.70000,18.00000,"пасм, 65% дождь","пасм, дождь"
2023-07-19,17,460.59400,14.70000,18.00000,"пасм, 65% дождь","пасм, дождь"
2023-07-19,18,449.19100,15.30000,18.00000,"обл с пр, 39%",п/обл
2023-07-19,19,442.75100,15.30000,18.00000,"обл с пр, 39%",п/обл
2023-07-19,20,433.52100,15.30000,18.00000,"обл с пр, 39%",п/обл
2023-07-19,21,430.78500,12.40000,16.00000,"ясно, 37%",п/обл
2023-07-19,22,438.92500,12.40000,16.00000,"ясно, 37%",п/обл
2023-07-19,23,413.85300,12.40000,16.00000,"ясно, 37%",п/обл
2023-07-20,0,376.89900,11.30000,15.00000,ясно,дымка
2023-07-20,1,339.55000,11.30000,15.00000,ясно,дымка
2023-07-20,2,314.53800,11.30000,15.00000,ясно,дымка
2023-07-20,3,303.51000,11.60000,14.00000,ясно,дымка
2023-07-20,4,296.99900,11.60000,14.00000,ясно,дымка
2023-07-20,5,285.86000,11.60000,14.00000,ясно,дымка
2023-07-20,6,295.47600,16.20000,16.00000,пасмурно,обл с пр
2023-07-20,7,330.48600,16.20000,16.00000,пасмурно,обл с пр
2023-07-20,8,371.18200,16.20000,16.00000,пасмурно,обл с пр
2023-07-20,9,418.44700,18.60000,15.00000,"пасм, 71% дождь",обл с пр
2023-07-20,10,446.92600,18.60000,15.00000,"пасм, 71% дождь",обл с пр
2023-07-20,11,458.22000,18.60000,15.00000,"пасм, 71% дождь",обл с пр
2023-07-20,12,460.71000,20.20000,16.00000,"пасм, 77% дождь",п/обл
2023-07-20,13,456.84400,20.20000,16.00000,"пасм, 77% дождь",п/обл
2023-07-20,14,459.37600,20.20000,16.00000,"пасм, 77% дождь",п/обл
2023-07-20,15,459.39300,18.90000,18.00000,ясно,п/обл
2023-07-20,16,464.80200,18.90000,18.00000,ясно,п/обл
2023-07-20,17,454.37200,18.90000,18.00000,ясно,п/обл
2023-07-20,18,448.07700,16.90000,17.00000,ясно,п/обл
2023-07-20,19,443.90700,16.90000,17.00000,ясно,п/обл
2023-07-20,20,437.65600,16.90000,17.00000,ясно,п/обл
2023-07-20,21,432.88400,11.80000,16.00000,ясно,п/обл
2023-07-20,22,442.71500,11.80000,16.00000,ясно,п/обл
2023-07-20,23,422.54500,11.80000,16.00000,ясно,п/обл
2023-07-21,0,384.03600,11.30000,15.00000,"ясно, 60%","пасм, дождь"
2023-07-21,1,344.80300,11.30000,15.00000,"ясно, 60%","пасм, дождь"
2023-07-21,2,321.22400,11.30000,15.00000,"ясно, 60%","пасм, дождь"
2023-07-21,3,309.27700,12.00000,14.00000,"ясно, 75%","пасм, дождь"
2023-07-21,4,302.91400,12.00000,14.00000,"ясно, 75%","пасм, дождь"
2023-07-21,5,288.02200,12.00000,14.00000,"ясно, 75%","пасм, дождь"
2023-07-21,6,297.41200,15.80000,16.00000,"обл с пр, 60% дождь","п/обл, кр.дождь"
2023-07-21,7,329.40000,15.80000,16.00000,"обл с пр, 60% дождь","п/обл, кр.дождь"
2023-07-21,8,371.82400,15.80000,16.00000,"обл с пр, 60% дождь","п/обл, кр.дождь"
2023-07-21,9,420.67500,19.40000,17.00000,"п/обл, 21% дождь",п/обл
2023-07-21,10,449.06400,19.40000,17.00000,"п/обл, 21% дождь",п/обл
2023-07-21,11,462.28000,19.40000,17.00000,"п/обл, 21% дождь",п/обл
2023-07-21,12,465.30400,19.90000,20.00000,"ясно, неб.ветерок",п/обл
2023-07-21,13,461.43400,19.90000,20.00000,"ясно, неб.ветерок",п/обл
2023-07-21,14,460.64300,19.90000,20.00000,"ясно, неб.ветерок",п/обл
2023-07-21,15,458.93900,19.00000,20.00000,"ясно, неб.ветерок",п/обл
2023-07-21,16,462.08700,19.00000,20.00000,"ясно, неб.ветерок",п/обл
2023-07-21,17,456.62600,19.00000,20.00000,"ясно, неб.ветерок",п/обл
2023-07-21,18,449.53300,17.40000,19.00000,"п/обл, 46%",п/обл
2023-07-21,19,442.77600,17.40000,19.00000,"п/обл, 46%",п/обл
2023-07-21,20,433.37100,17.40000,19.00000,"п/обл, 46%",п/обл
2023-07-21,21,431.20800,14.40000,17.00000,"ясно, 78%",дымка
2023-07-21,22,440.71000,14.40000,17.00000,"ясно, 78%",дымка
2023-07-21,23,419.50500,14.40000,17.00000,"ясно, 78%",дымка
2023-07-22,0,383.96300,13.90000,15.00000,"пасм, 74% дождь","пасм, дождь"
2023-07-22,1,347.85700,13.90000,15.00000,"пасм, 74% дождь","пасм, дождь"
2023-07-22,2,322.98500,13.90000,15.00000,"пасм, 74% дождь","пасм, дождь"
2023-07-22,3,313.47500,13.20000,14.00000,"пасм, 75% дождь","пасм, дождь"
2023-07-22,4,304.99000,13.20000,14.00000,"пасм, 75% дождь","пасм, дождь"
2023-07-22,5,293.81600,13.20000,14.00000,"пасм, 75% дождь","пасм, дождь"
2023-07-22,6,294.34400,13.70000,17.00000,"пасм, 73% дождь","пасм, дождь"
2023-07-22,7,310.81000,13.70000,17.00000,"пасм, 73% дождь","пасм, дождь"
2023-07-22,8,339.55800,13.70000,17.00000,"пасм, 73% дождь","пасм, дождь"
2023-07-22,9,386.68600,18.80000,19.00000,"пасм, 74% дождь",обл с пр
2023-07-22,10,424.08700,18.80000,19.00000,"пасм, 74% дождь",обл с пр
2023-07-22,11,439.30600,18.80000,19.00000,"пасм, 74% дождь",обл с пр
2023-07-22,12,464.96500,18.80000,19.00000,"обл с пр, 81%, дождь",обл с пр
2023-07-22,13,451.93400,18.80000,19.00000,"обл с пр, 81%, дождь",обл с пр
2023-07-22,14,445.84700,18.80000,19.00000,"обл с пр, 81%, дождь",обл с пр
2023-07-22,15,445.77700,19.00000,18.00000,"обл с пр, 71%, дождь",обл с пр
2023-07-22,16,440.40400,19.00000,18.00000,"обл с пр, 71%, дождь",обл с пр
2023-07-22,17,434.60600,19.00000,18.00000,"обл с пр, 71%, дождь",обл с пр
2023-07-22,18,429.73200,16.60000,18.00000,"обл с пр, 11%, дождь","обл с пр, кр.дождь"
2023-07-22,19,426.41300,16.60000,18.00000,"обл с пр, 11%, дождь","обл с пр, кр.дождь"
2023-07-22,20,418.07500,16.60000,18.00000,"обл с пр, 11%, дождь","обл с пр, кр.дождь"
2023-07-22,21,415.69100,12.20000,15.00000,"ясно, 24%","обл с пр, кр.дождь"
2023-07-22,22,427.77200,12.20000,15.00000,"ясно, 24%","обл с пр, кр.дождь"
2023-07-22,23,410.10300,12.20000,15.00000,"ясно, 24%","обл с пр, кр.дождь"
2023-07-23,0,377.46500,11.30000,15.00000,ясно,дымка
2023-07-23,1,343.60100,11.30000,15.00000,ясно,дымка
2023-07-23,2,321.14200,11.30000,15.00000,ясно,дымка
2023-07-23,3,307.41700,10.40000,14.00000,"пасм, 24%",дымка
2023-07-23,4,298.52700,10.40000,14.00000,"пасм, 24%",дымка
2023-07-23,5,283.40900,10.40000,14.00000,"пасм, 24%",дымка
2023-07-23,6,283.63200,14.80000,15.00000,"пасм, 47% дождь",облачно
2023-07-23,7,301.35300,14.80000,15.00000,"пасм, 47% дождь",облачно
2023-07-23,8,327.13900,14.80000,15.00000,"пасм, 47% дождь",облачно
2023-07-23,9,367.60600,16.00000,17.00000,"пасм, 72% дождь","пасм, дождь"
2023-07-23,10,403.86400,16.00000,17.00000,"пасм, 72% дождь","пасм, дождь"
2023-07-23,11,426.77400,16.00000,17.00000,"пасм, 72% дождь","пасм, дождь"
2023-07-23,12,433.42400,16.60000,18.00000,"пасм, 10% дождь","пасм, вр.дождь"
2023-07-23,13,433.35100,16.60000,18.00000,"пасм, 10% дождь","пасм, вр.дождь"
2023-07-23,14,431.86600,16.60000,18.00000,"пасм, 10% дождь","пасм, вр.дождь"
2023-07-23,15,428.92100,20.20000,19.00000,"пасм, 47% дождь","пасм, вр.дождь"
2023-07-23,16,427.00700,20.20000,19.00000,"пасм, 47% дождь","пасм, вр.дождь"
2023-07-23,17,426.98300,20.20000,19.00000,"пасм, 47% дождь","пасм, вр.дождь"
2023-07-23,18,430.82400,16.80000,18.00000,"пасм, 77% дождь","пасм, дождь"
2023-07-23,19,430.87800,16.80000,18.00000,"пасм, 77% дождь","пасм, дождь"
2023-07-23,20,434.40500,16.80000,18.00000,"пасм, 77% дождь","пасм, дождь"
2023-07-23,21,440.46700,15.30000,18.00000,"пасм, 75% дождь","пасм, дождь"
2023-07-23,22,440.30800,15.30000,18.00000,"пасм, 75% дождь","пасм, дождь"
2023-07-23,23,408.91000,15.30000,18.00000,"пасм, 75% дождь","пасм, дождь"
2023-07-24,0,373.02200,14.70000,18.00000,"обл с пр, 54% дождь","пасм, дождь"
2023-07-24,1,337.70700,14.70000,18.00000,"обл с пр, 54% дождь","пасм, дождь"
2023-07-24,2,315.12100,14.70000,18.00000,"обл с пр, 54% дождь","пасм, дождь"
2023-07-24,3,303.00300,14.20000,17.00000,"обл с пр, 51%","пасм, дождь"
2023-07-24,4,297.39200,14.20000,17.00000,"обл с пр, 51%","пасм, дождь"
2023-07-24,5,288.89100,14.20000,17.00000,"обл с пр, 51%","пасм, дождь"
2023-07-24,6,294.13000,16.90000,17.00000,"пасм, 42%",пасмурно
2023-07-24,7,327.73500,16.90000,17.00000,"пасм, 42%",пасмурно
2023-07-24,8,369.09400,16.90000,17.00000,"пасм, 42%",пасмурно
2023-07-24,9,413.35100,22.10000,20.00000,"пасм, 47%",п/обл
2023-07-24,10,440.99000,22.10000,20.00000,"пасм, 47%",п/обл
2023-07-24,11,458.99500,22.10000,20.00000,"пасм, 47%",п/обл
2023-07-24,12,460.75600,24.00000,22.00000,"пасм, 60%",п/обл
2023-07-24,13,456.97100,24.00000,22.00000,"пасм, 60%",п/обл
2023-07-24,14,460.53800,24.00000,22.00000,"пасм, 60%",п/обл
2023-07-24,15,460.11800,23.20000,23.00000,"пасм, 56%",п/обл
2023-07-24,16,468.40700,23.20000,23.00000,"пасм, 56%",п/обл
2023-07-24,17,462.42400,23.20000,23.00000,"пасм, 56%",п/обл
2023-07-24,18,455.12200,21.80000,22.00000,"пасм, 40%",пасмурно
2023-07-24,19,452.45900,21.80000,22.00000,"пасм, 40%",пасмурно
2023-07-24,20,447.43000,21.80000,22.00000,"пасм, 40%",пасмурно
2023-07-24,21,451.14100,17.30000,19.00000,"пасм, 44% дождь","пасм, с 22ч дождь, гроза"
2023-07-24,22,453.59500,17.30000,19.00000,"пасм, 44% дождь","пасм, с 22ч дождь, гроза"
2023-07-24,23,428.07000,17.30000,19.00000,"пасм, 44% дождь","пасм, с 22ч дождь, гроза"
2023-07-25,0,388.95000,17.00000,19.00000,"пасм, 72%","пасм, дождь"
2023-07-25,1,352.04200,17.00000,19.00000,"пасм, 72%","пасм, дождь"
2023-07-25,2,328.80200,17.00000,19.00000,"пасм, 72%","пасм, дождь"
2023-07-25,3,318.04600,16.60000,18.00000,"обл с пр, 72%","пасм, дождь"
2023-07-25,4,310.44800,16.60000,18.00000,"обл с пр, 72%","пасм, дождь"
2023-07-25,5,301.18100,16.60000,18.00000,"обл с пр, 72%","пасм, дождь"
2023-07-25,6,303.00300,18.60000,19.00000,"ясно, 79%","обл с пр, ветерок"
2023-07-25,7,332.09500,18.60000,19.00000,"ясно, 79%","обл с пр, ветерок"
2023-07-25,8,376.40300,18.60000,19.00000,"ясно, 79%","обл с пр, ветерок"
2023-07-25,9,426.81600,20.70000,21.00000,"обл с пр, 77%","пасмурно, ветерок"
2023-07-25,10,454.40000,20.70000,21.00000,"обл с пр, 77%","пасмурно, ветерок"
2023-07-25,11,468.54500,20.70000,21.00000,"обл с пр, 77%","пасмурно, ветерок"
2023-07-25,12,470.38400,21.80000,21.00000,"обл с пр, 71%","п/обл, ветерок"
2023-07-25,13,468.58500,21.80000,21.00000,"обл с пр, 71%","п/обл, ветерок"
2023-07-25,14,467.81600,21.80000,21.00000,"обл с пр, 71%","п/обл, ветерок"
2023-07-25,15,464.53500,20.70000,22.00000,"пасм, 44%","п/обл, ветерок"
2023-07-25,16,471.26600,20.70000,22.00000,"пасм, 44%","п/обл, ветерок"
2023-07-25,17,461.58900,20.70000,22.00000,"пасм, 44%","п/обл, ветерок"
2023-07-25,18,453.85600,17.50000,21.00000,"пасм, 46%","п/обл, ветерок"
2023-07-25,19,450.69900,17.50000,21.00000,"пасм, 46%","п/обл, ветерок"
2023-07-25,20,440.68100,17.50000,21.00000,"пасм, 46%","п/обл, ветерок"
2023-07-25,21,438.98200,14.10000,18.00000,ясно 40%,"п/обл, ветерок"
2023-07-25,22,449.35000,14.10000,18.00000,ясно 40%,"п/обл, ветерок"
2023-07-25,23,423.13300,14.10000,18.00000,ясно 40%,"п/обл, ветерок"
2023-07-26,0,384.19700,12.70000,16.00000,ясно,дымка
2023-07-26,1,344.37900,12.70000,16.00000,ясно,дымка
2023-07-26,2,320.36200,12.70000,16.00000,ясно,дымка
2023-07-26,3,309.67800,12.80000,14.00000,ясно,дымка
2023-07-26,4,303.09800,12.80000,14.00000,ясно,дымка
2023-07-26,5,292.48800,12.80000,14.00000,ясно,дымка
2023-07-26,6,300.52300,16.20000,18.00000,обл с пр,пасмурно
2023-07-26,7,332.72400,16.20000,18.00000,обл с пр,пасмурно
2023-07-26,8,373.83900,16.20000,18.00000,обл с пр,пасмурно
2023-07-26,9,423.08600,19.20000,19.00000,облачно,"пасм, кр.дождь"
2023-07-26,10,445.63100,19.20000,19.00000,облачно,"пасм, кр.дождь"
2023-07-26,11,459.02300,19.20000,19.00000,облачно,"пасм, кр.дождь"
2023-07-26,12,464.93600,19.70000,19.00000,облачно,"пасм, кр. дождь"
2023-07-26,13,460.28200,19.70000,19.00000,облачно,"пасм, кр. дождь"
2023-07-26,14,459.20000,19.70000,19.00000,облачно,"пасм, кр. дождь"
2023-07-26,15,457.18400,18.50000,19.00000,облачно,пасмурно
2023-07-26,16,462.92500,18.50000,19.00000,облачно,пасмурно
2023-07-26,17,455.76400,18.50000,19.00000,облачно,пасмурно
2023-07-26,18,450.43400,16.30000,17.00000,облачно,пасмурно
2023-07-26,19,446.65800,16.30000,17.00000,облачно,пасмурно
2023-07-26,20,438.17600,16.30000,17.00000,облачно,пасмурно
2023-07-26,21,438.10600,13.60000,15.00000,облачно,пасмурно
2023-07-26,22,447.97600,13.60000,15.00000,облачно,пасмурно
2023-07-26,23,421.35200,13.60000,15.00000,облачно,пасмурно
2023-07-27,0,380.38700,12.80000,15.00000,пасмурно,дымка
2023-07-27,1,343.52100,12.80000,15.00000,пасмурно,дымка
2023-07-27,2,318.58000,12.80000,15.00000,пасмурно,дымка
2023-07-27,3,307.08900,12.00000,13.00000,пасмурно,дымка
2023-07-27,4,300.77800,12.00000,13.00000,пасмурно,дымка
2023-07-27,5,291.79900,12.00000,13.00000,пасмурно,дымка
2023-07-27,6,298.36200,15.30000,16.00000,обл с пр,п/обл
2023-07-27,7,328.61700,15.30000,16.00000,обл с пр,п/обл
2023-07-27,8,372.64400,15.30000,16.00000,обл с пр,п/обл
2023-07-27,9,422.46300,19.80000,18.00000,ясно,п/обл
2023-07-27,10,448.30900,19.80000,18.00000,ясно,п/обл
2023-07-27,11,462.11700,19.80000,18.00000,ясно,п/обл
2023-07-27,12,465.17100,20.60000,20.00000,ясно,п/обл
2023-07-27,13,461.11700,20.60000,20.00000,ясно,п/обл
2023-07-27,14,461.02200,20.60000,20.00000,ясно,п/обл
2023-07-27,15,459.26300,20.90000,20.00000,ясно,п/обл
2023-07-27,16,459.76700,20.90000,20.00000,ясно,п/обл
2023-07-27,17,454.49800,20.90000,20.00000,ясно,п/обл
2023-07-27,18,448.82900,18.50000,19.00000,ясно,п/обл
2023-07-27,19,445.51000,18.50000,19.00000,ясно,п/обл
2023-07-27,20,438.38600,18.50000,19.00000,ясно,п/обл
2023-07-27,21,439.05400,12.80000,16.00000,ясно,"пасм, дождик"
2023-07-27,22,447.84100,12.80000,16.00000,ясно,"пасм, дождик"
2023-07-27,23,421.78700,12.80000,16.00000,ясно,"пасм, дождик"
2023-07-28,0,382.20200,11.50000,13.00000,ясно,дымка
2023-07-28,1,344.85400,11.50000,13.00000,ясно,дымка
2023-07-28,2,318.27100,11.50000,13.00000,ясно,дымка
2023-07-28,3,307.04700,11.00000,13.00000,обл с пр,дымка
2023-07-28,4,301.71400,11.00000,13.00000,обл с пр,дымка
2023-07-28,5,290.54100,11.00000,13.00000,обл с пр,дымка
2023-07-28,6,297.82400,13.70000,16.00000,"пасм, 75%","пасмурно, морось"
2023-07-28,7,328.30200,13.70000,16.00000,"пасм, 75%","пасмурно, морось"
2023-07-28,8,369.53600,13.70000,16.00000,"пасм, 75%","пасмурно, морось"
2023-07-28,9,421.32300,18.80000,17.00000,"пасм, 76% дождь",пасмурно
2023-07-28,10,447.47100,18.80000,17.00000,"пасм, 76% дождь",пасмурно
2023-07-28,11,463.18400,18.80000,17.00000,"пасм, 76% дождь",пасмурно
2023-07-28,12,466.36500,20.50000,16.00000,"пасм, 79% дождь",пасмурно
2023-07-28,13,466.96200,20.50000,16.00000,"пасм, 79% дождь",пасмурно
2023-07-28,14,468.84800,20.50000,16.00000,"пасм, 79% дождь",пасмурно
2023-07-28,15,463.97700,18.10000,17.00000,"пасм, 56% ",пасмурно
2023-07-28,16,470.42800,18.10000,17.00000,"пасм, 56% ",пасмурно
2023-07-28,17,465.66000,18.10000,17.00000,"пасм, 56% ",пасмурно
2023-07-28,18,458.31800,17.10000,17.00000,ясно 24%,пасмурно
2023-07-28,19,454.02500,17.10000,17.00000,ясно 24%,пасмурно
2023-07-28,20,445.81200,17.10000,17.00000,ясно 24%,пасмурно
2023-07-28,21,446.01500,14.70000,16.00000,"ясно, 24%",пасмурно
2023-07-28,22,450.43500,14.70000,16.00000,"ясно, 24%",пасмурно
2023-07-28,23,425.69800,14.70000,16.00000,"ясно, 24%",пасмурно
2023-07-29,0,387.11300,12.90000,15.00000,ясно,туман
2023-07-29,1,352.48900,12.90000,15.00000,ясно,туман
2023-07-29,2,328.94300,12.90000,15.00000,ясно,туман
2023-07-29,3,316.17000,12.20000,15.00000,ясно,туман
2023-07-29,4,309.61100,12.20000,15.00000,ясно,туман
2023-07-29,5,294.16000,12.20000,15.00000,ясно,туман
2023-07-29,6,295.76300,17.00000,18.00000,п/обл,туман
2023-07-29,7,314.65600,17.00000,18.00000,п/обл,туман
2023-07-29,8,349.60000,17.00000,18.00000,п/обл,туман
2023-07-29,9,399.02300,22.10000,21.00000,ясно,п/обл
2023-07-29,10,436.32400,22.10000,21.00000,ясно,п/обл
2023-07-29,11,456.84900,22.10000,21.00000,ясно,п/обл
2023-07-29,12,459.52200,23.60000,23.00000,пасм,п/обл
2023-07-29,13,455.13900,23.60000,23.00000,пасм,п/обл
2023-07-29,14,450.00300,23.60000,23.00000,пасм,п/обл
2023-07-29,15,446.87200,24.80000,25.00000,пасм,п/обл
2023-07-29,16,446.00200,24.80000,25.00000,пасм,п/обл
2023-07-29,17,442.63300,24.80000,25.00000,пасм,п/обл
2023-07-29,18,440.52400,20.40000,20.00000,"пасм, 51% дождь",п/обл
2023-07-29,19,435.45300,20.40000,20.00000,"пасм, 51% дождь",п/обл
2023-07-29,20,425.39100,20.40000,20.00000,"пасм, 51% дождь",п/обл
2023-07-29,21,429.91900,17.90000,19.00000,"пасм, 88% дождь",п/обл
2023-07-29,22,438.18700,17.90000,19.00000,"пасм, 88% дождь",п/обл
2023-07-29,23,415.05000,17.90000,19.00000,"пасм, 88% дождь",п/обл
2023-07-30,0,380.46300,16.30000,18.00000,"пасм, 96% дождь","пасм, дождь"
2023-07-30,1,347.84600,16.30000,18.00000,"пасм, 96% дождь","пасм, дождь"
2023-07-30,2,322.93600,16.30000,18.00000,"пасм, 96% дождь","пасм, дождь"
2023-07-30,3,310.81100,16.50000,18.00000,"пасм, 82% дождь","пасм, дождь"
2023-07-30,4,302.45200,16.50000,18.00000,"пасм, 82% дождь","пасм, дождь"
2023-07-30,5,289.90000,16.50000,18.00000,"пасм, 82% дождь","пасм, дождь"
2023-07-30,6,285.30400,17.80000,18.00000,"пасм, 78% дождь","пасм, дождь"
2023-07-30,7,301.63700,17.80000,18.00000,"пасм, 78% дождь","пасм, дождь"
2023-07-30,8,327.68900,17.80000,18.00000,"пасм, 78% дождь","пасм, дождь"
2023-07-30,9,372.63000,18.20000,19.00000,"пасм, 80% дождь","пасм, дождь"
2023-07-30,10,412.80200,18.20000,19.00000,"пасм, 80% дождь","пасм, дождь"
2023-07-30,11,432.64300,18.20000,19.00000,"пасм, 80% дождь","пасм, дождь"
2023-07-30,12,444.07600,23.00000,19.00000,"пасм, 71% дождь",п/обл
2023-07-30,13,442.49300,23.00000,19.00000,"пасм, 71% дождь",п/обл
2023-07-30,14,440.80100,23.00000,19.00000,"пасм, 71% дождь",п/обл
2023-07-30,15,438.63800,22.50000,20.00000,"пасм, 49% дождь",п/обл
2023-07-30,16,436.05500,22.50000,20.00000,"пасм, 49% дождь",п/обл
2023-07-30,17,432.42700,22.50000,20.00000,"пасм, 49% дождь",п/обл
2023-07-30,18,433.53700,19.70000,18.00000,ясно,п/обл
2023-07-30,19,429.76700,19.70000,18.00000,ясно,п/обл
2023-07-30,20,424.23100,19.70000,18.00000,ясно,п/обл
2023-07-30,21,433.27800,16.60000,17.00000,п/обл,п/обл
2023-07-30,22,440.69500,16.60000,17.00000,п/обл,п/обл
2023-07-30,23,413.23300,16.60000,17.00000,п/обл,п/обл
2023-07-31,0,372.57300,15.20000,16.00000,"ясно, 47%",дымка
2023-07-31,1,337.41200,15.20000,16.00000,"ясно, 47%",дымка
2023-07-31,2,315.56600,15.20000,16.00000,"ясно, 47%",дымка
2023-07-31,3,303.31800,14.30000,16.00000,"п/обл, 72%",дымка
2023-07-31,4,296.13100,14.30000,16.00000,"п/обл, 72%",дымка
2023-07-31,5,285.96000,14.30000,16.00000,"п/обл, 72%",дымка
2023-07-31,6,297.27200,16.30000,18.00000,"ясно, 67%",облачно
2023-07-31,7,328.47400,16.30000,18.00000,"ясно, 67%",облачно
2023-07-31,8,367.25100,16.30000,18.00000,"ясно, 67%",облачно
2023-07-31,9,422.13200,19.90000,20.00000,"пасм, 71% дождь",малообл
2023-07-31,10,453.41700,19.90000,20.00000,"пасм, 71% дождь",малообл
2023-07-31,11,471.52700,19.90000,20.00000,"пасм, 71% дождь",малообл
2023-07-31,12,471.75000,21.50000,21.00000,"обл с пр, 61%",малообл
2023-07-31,13,468.32200,21.50000,21.00000,"обл с пр, 61%",малообл
2023-07-31,14,468.65300,21.50000,21.00000,"обл с пр, 61%",малообл
2023-07-31,15,468.99700,20.20000,20.00000,"пасм, 40% дождь","п/обл, кр. дождь"
2023-07-31,16,472.13200,20.20000,20.00000,"пасм, 40% дождь","п/обл, кр. дождь"
2023-07-31,17,464.94200,20.20000,20.00000,"пасм, 40% дождь","п/обл, кр. дождь"
2023-07-31,18,457.62200,17.20000,18.00000,"пасм, 24% дождь",п/обл
2023-07-31,19,453.17300,17.20000,18.00000,"пасм, 24% дождь",п/обл
2023-07-31,20,446.28700,17.20000,18.00000,"пасм, 24% дождь",п/обл
2023-07-31,21,444.37300,15.80000,17.00000,"пасм, 24% дождь",п/обл
2023-07-31,22,449.07800,15.80000,17.00000,"пасм, 24% дождь",п/обл
2023-07-31,23,416.07800,15.80000,17.00000,"пасм, 24% дождь",п/обл
